user_id,created_at,company_id,language,activated_at,state
11,41275.19529,1,german,41275,active
52,41279.64635,2866,spanish,41279,active
108,41284.46178,1848,spanish,41284,active
167,41290.86139,6709,arabic,41290,active
175,41290.47387,4797,russian,41290,active